	Years	KSMX	KEDW	KRBL	KSMO	KFUL	KLAX	PADK	PADQ	PANT	KNZY	KSNA	KLGB	KOXR	KVBG	KNUQ	KSFO	KOAK	KRIV	KAPC	KNJK	KAST	KSBA	KOTH	KSUU	KSNS	KLAS	KNUC	KRDD	KACV	KHHR	KTOA	KLVK	KSAN	KAVX	CYAZ	KMYF	KUKI	KCRQ	KMRY	KFHR	KSEE	KCEC	KSIT	PAHO	KNFG	KPSP	KNSI	KNRS	KSJC	KUIL	KFAT	KNTD	KBUR	PYAK	PACD	KNKX	KVNY
0	1950	N/A	0.0	N/A	N/A	N/A	38.23529411764706	N/A	N/A	N/A	N/A	N/A	N/A	N/A	N/A	18.137254901960784	20.26143790849673	26.143790849673206	11.601307189542483	N/A	N/A	42.20032840722496	38.56209150326798	31.862745098039213	N/A	34.47712418300654	N/A	N/A	N/A	51.31147540983606	N/A	N/A	N/A	42.64705882352941	30.960264900662253	N/A	N/A	N/A	N/A	41.734860883797054	N/A	N/A	44.93464052287582	27.124183006535947	13.584288052373159	N/A	N/A	57.31922398589065	N/A	N/A	N/A	0.16366612111292964	50.90909090909091	N/A	58.98692810457516	N/A	N/A	N/A
1	1951	N/A	0.0	N/A	N/A	N/A	30.065359477124183	N/A	N/A	N/A	N/A	N/A	N/A	N/A	N/A	25.163398692810457	29.411764705882355	33.82352941176471	9.819967266775777	N/A	N/A	51.174496644295296	28.921568627450984	37.41830065359477	N/A	41.830065359477125	N/A	N/A	N/A	58.496732026143796	N/A	N/A	N/A	33.49673202614379	23.432343234323433	N/A	N/A	N/A	N/A	55.810147299509005	N/A	N/A	52.373158756137485	44.51718494271686	9.165302782324058	N/A	N/A	56.305506216696266	N/A	N/A	N/A	0.0	41.31147540983607	N/A	64.65517241379311	N/A	N/A	N/A
2	1952	N/A	0.16339869281045752	N/A	N/A	N/A	27.124183006535947	N/A	N/A	N/A	N/A	N/A	N/A	N/A	N/A	19.11764705882353	20.098039215686274	25.163398692810457	5.718954248366013	N/A	N/A	45.0261780104712	23.856209150326798	35.51554828150573	N/A	28.594771241830063	N/A	N/A	N/A	51.633986928104584	N/A	N/A	N/A	25.779967159277504	14.827018121911037	N/A	N/A	N/A	N/A	37.15220949263502	N/A	N/A	45.751633986928105	42.88052373158756	11.928104575163399	N/A	N/A	35.628227194492254	37.434094903339194	19.015280135823428	N/A	0.16339869281045752	37.41830065359477	N/A	59.80392156862745	N/A	N/A	N/A
3	1953	N/A	0.32679738562091504	N/A	N/A	N/A	26.797385620915033	N/A	N/A	N/A	N/A	N/A	N/A	N/A	N/A	17.81045751633987	22.712418300653596	21.568627450980394	5.88235294117647	N/A	N/A	39.21568627450981	17.83960720130933	30.88235294117647	N/A	29.901960784313726	N/A	N/A	N/A	43.13725490196079	N/A	N/A	N/A	27.450980392156865	N/A	N/A	N/A	N/A	N/A	37.745098039215684	N/A	N/A	37.315875613747956	42.15686274509804	11.601307189542483	N/A	N/A	32.401315789473685	37.732342007434944	N/A	N/A	0.6535947712418301	30.88235294117647	N/A	55.810147299509005	N/A	N/A	N/A
4	1954	N/A	0.0	N/A	N/A	N/A	34.20621931260229	N/A	N/A	N/A	N/A	N/A	N/A	N/A	N/A	15.032679738562091	18.954248366013072	22.22222222222222	10.784313725490197	N/A	N/A	35.947712418300654	31.209150326797385	31.795716639209225	N/A	26.143790849673206	N/A	N/A	N/A	43.30065359477124	N/A	N/A	N/A	38.0718954248366	N/A	N/A	N/A	N/A	N/A	32.6797385620915	N/A	N/A	38.72549019607843	38.39869281045752	13.23529411764706	N/A	N/A	37.868852459016395	N/A	N/A	N/A	0.6535947712418301	42.15686274509804	N/A	48.8562091503268	N/A	N/A	N/A
5	1955	28.431372549019606	0.32733224222585927	N/A	N/A	N/A	31.5359477124183	N/A	N/A	N/A	N/A	N/A	N/A	N/A	N/A	15.849673202614378	18.627450980392158	23.03921568627451	11.76470588235294	N/A	N/A	42.15686274509804	N/A	35.62091503267974	N/A	32.51633986928105	N/A	N/A	N/A	47.22222222222222	N/A	N/A	N/A	32.02614379084967	N/A	N/A	N/A	N/A	N/A	41.17647058823529	N/A	N/A	N/A	35.62091503267974	19.934640522875817	N/A	N/A	N/A	N/A	N/A	N/A	0.32679738562091504	38.88888888888889	N/A	65.63011456628477	N/A	N/A	N/A
6	1956	24.673202614379086	0.0	N/A	N/A	N/A	25.98039215686275	N/A	N/A	N/A	N/A	N/A	N/A	N/A	N/A	16.666666666666664	20.751633986928105	23.366013071895424	11.601307189542483	N/A	N/A	40.68627450980392	N/A	34.64052287581699	N/A	32.6797385620915	N/A	N/A	N/A	45.91503267973856	N/A	N/A	N/A	26.307189542483663	N/A	N/A	N/A	N/A	N/A	39.21568627450981	N/A	N/A	N/A	45.588235294117645	21.73202614379085	N/A	N/A	N/A	30.065359477124183	N/A	N/A	0.49019607843137253	37.745098039215684	N/A	55.06535947712419	80.31358885017421	N/A	N/A
7	1957	22.22222222222222	0.16339869281045752	N/A	N/A	N/A	21.568627450980394	N/A	N/A	N/A	N/A	N/A	N/A	N/A	N/A	14.052287581699346	19.77124183006536	23.366013071895424	10.638297872340425	N/A	N/A	31.372549019607842	19.607843137254903	26.797385620915033	N/A	29.901960784313726	N/A	N/A	N/A	43.13725490196079	N/A	N/A	N/A	26.797385620915033	N/A	N/A	N/A	N/A	N/A	31.795716639209225	N/A	N/A	N/A	40.032679738562095	13.88888888888889	N/A	N/A	N/A	33.49673202614379	N/A	N/A	1.9607843137254901	23.856209150326798	N/A	47.05882352941176	69.10714285714286	N/A	N/A
8	1958	26.307189542483663	0.0	N/A	N/A	N/A	26.02291325695581	N/A	N/A	N/A	N/A	N/A	N/A	N/A	39.8989898989899	22.712418300653596	22.058823529411764	28.75816993464052	7.6797385620915035	N/A	N/A	42.810457516339866	24.673202614379086	29.901960784313726	N/A	30.22875816993464	N/A	N/A	N/A	49.42716857610475	N/A	N/A	N/A	26.96078431372549	N/A	N/A	N/A	N/A	N/A	37.213114754098356	N/A	N/A	N/A	37.091503267973856	12.418300653594772	N/A	N/A	36.49754500818331	35.62091503267974	N/A	N/A	0.9803921568627451	33.66013071895425	N/A	62.745098039215684	72.54901960784314	N/A	N/A
9	1959	23.52941176470588	0.0	N/A	N/A	N/A	24.509803921568626	N/A	N/A	N/A	N/A	N/A	N/A	N/A	41.33986928104575	11.928104575163399	16.830065359477125	19.28104575163399	15.686274509803921	N/A	N/A	38.56209150326798	25.326797385620914	32.35294117647059	N/A	25.163398692810457	N/A	N/A	N/A	40.98360655737705	N/A	N/A	N/A	30.065359477124183	N/A	N/A	N/A	N/A	N/A	30.392156862745097	N/A	N/A	N/A	32.02614379084967	13.725490196078432	N/A	N/A	38.205980066445186	36.76470588235294	N/A	N/A	0.16339869281045752	30.718954248366014	N/A	50.81699346405229	68.79084967320262	N/A	N/A
10	1960	24.18300653594771	0.0	N/A	N/A	N/A	23.366013071895424	N/A	N/A	N/A	N/A	N/A	N/A	N/A	44.11764705882353	14.869281045751634	15.522875816993464	24.18300653594771	8.006535947712418	N/A	N/A	39.869281045751634	24.673202614379086	33.82352941176471	N/A	27.450980392156865	N/A	N/A	N/A	50.81699346405229	N/A	N/A	N/A	26.307189542483663	N/A	N/A	N/A	N/A	N/A	38.23529411764706	N/A	N/A	N/A	42.97385620915033	11.27450980392157	N/A	N/A	30.198019801980198	32.6797385620915	N/A	N/A	0.0	32.84313725490196	N/A	60.94771241830066	68.95424836601308	N/A	N/A
11	1961	22.712418300653596	0.0	N/A	N/A	N/A	30.555555555555557	N/A	N/A	N/A	N/A	N/A	N/A	N/A	46.568627450980394	17.483660130718953	20.424836601307188	25.326797385620914	10.947712418300654	N/A	N/A	38.72549019607843	28.104575163398692	40.68627450980392	N/A	29.248366013071898	N/A	N/A	N/A	46.73202614379085	N/A	N/A	N/A	34.80392156862745	N/A	N/A	N/A	N/A	N/A	35.294117647058826	N/A	N/A	N/A	42.3202614379085	13.420621931260229	N/A	N/A	42.64462809917355	44.6078431372549	N/A	N/A	0.8169934640522877	44.28104575163398	N/A	58.16993464052288	75.65359477124183	N/A	N/A
12	1962	28.431372549019606	0.0	N/A	N/A	N/A	33.66013071895425	N/A	N/A	N/A	N/A	N/A	N/A	N/A	54.41176470588235	17.15686274509804	23.692810457516337	28.921568627450984	12.418300653594772	N/A	N/A	45.91503267973856	29.248366013071898	36.60130718954248	N/A	36.43790849673202	N/A	N/A	N/A	48.8562091503268	N/A	N/A	N/A	36.27450980392157	N/A	N/A	N/A	N/A	N/A	47.22222222222222	N/A	N/A	N/A	50.0	15.359477124183007	N/A	N/A	42.810457516339866	48.69281045751634	N/A	N/A	0.6535947712418301	43.790849673202615	N/A	59.150326797385624	67.81045751633987	N/A	N/A
13	1963	28.431372549019606	1.1437908496732025	N/A	N/A	N/A	27.941176470588236	N/A	N/A	N/A	N/A	N/A	N/A	N/A	45.751633986928105	16.013071895424837	18.137254901960784	24.019607843137255	13.071895424836603	N/A	N/A	36.76470588235294	29.411764705882355	33.77049180327869	N/A	30.22875816993464	N/A	N/A	N/A	48.8562091503268	N/A	N/A	N/A	34.150326797385624	N/A	N/A	N/A	N/A	N/A	38.0718954248366	N/A	N/A	N/A	39.21568627450981	12.581699346405228	N/A	N/A	38.95253682487725	42.48366013071895	N/A	N/A	0.32679738562091504	35.78431372549019	N/A	55.88235294117647	81.37254901960785	N/A	N/A
14	1964	26.633986928104576	0.32679738562091504	N/A	N/A	N/A	28.921568627450984	N/A	N/A	N/A	N/A	N/A	N/A	N/A	46.568627450980394	15.032679738562091	21.73202614379085	24.34640522875817	8.660130718954248	N/A	N/A	43.30065359477124	25.0	35.914332784184516	N/A	29.901960784313726	N/A	N/A	N/A	43.627450980392155	N/A	N/A	N/A	33.49673202614379	N/A	48.69281045751634	N/A	N/A	N/A	39.705882352941174	N/A	N/A	N/A	46.568627450980394	12.418300653594772	N/A	N/A	38.88888888888889	44.93464052287582	N/A	N/A	0.32679738562091504	35.78431372549019	N/A	51.143790849673195	76.1437908496732	N/A	N/A
15	1965	26.143790849673206	0.0	N/A	N/A	N/A	33.82352941176471	N/A	N/A	N/A	N/A	N/A	N/A	N/A	46.73202614379085	17.483660130718953	22.385620915032682	26.96078431372549	14.052287581699346	N/A	N/A	46.89542483660131	N/A	35.3518821603928	N/A	N/A	N/A	N/A	N/A	53.59477124183007	N/A	N/A	N/A	35.45751633986928	N/A	43.627450980392155	N/A	N/A	N/A	41.50326797385621	N/A	N/A	N/A	N/A	18.4640522875817	N/A	N/A	43.4640522875817	48.8562091503268	N/A	N/A	N/A	44.44444444444444	N/A	62.908496732026144	N/A	N/A	N/A
16	1966	27.287581699346404	0.0	N/A	N/A	N/A	26.797385620915033	N/A	N/A	N/A	N/A	N/A	N/A	N/A	46.03960396039604	12.833333333333332	18.627450980392158	21.568627450980394	9.477124183006536	N/A	N/A	34.64052287581699	N/A	26.47058823529412	N/A	N/A	N/A	N/A	N/A	37.41830065359477	N/A	N/A	N/A	34.150326797385624	N/A	44.93464052287582	N/A	N/A	N/A	34.150326797385624	N/A	N/A	N/A	N/A	18.330605564648117	N/A	N/A	39.21568627450981	40.849673202614376	N/A	N/A	N/A	39.54248366013072	N/A	61.76470588235294	N/A	N/A	N/A
17	1967	28.75816993464052	0.49019607843137253	N/A	N/A	N/A	29.901960784313726	N/A	N/A	N/A	N/A	N/A	N/A	N/A	52.373158756137485	15.849673202614378	17.81045751633987	24.18300653594771	13.562091503267974	N/A	N/A	38.88888888888889	N/A	30.555555555555557	N/A	N/A	N/A	N/A	N/A	57.6797385620915	N/A	N/A	N/A	37.41830065359477	24.086378737541526	45.751633986928105	N/A	N/A	N/A	43.13725490196079	N/A	N/A	N/A	N/A	11.947626841243862	N/A	N/A	41.830065359477125	49.50980392156863	N/A	49.673202614379086	N/A	47.549019607843135	N/A	63.23529411764706	N/A	N/A	N/A
18	1968	22.058823529411764	0.16339869281045752	N/A	N/A	N/A	27.61437908496732	N/A	N/A	N/A	N/A	29.81260647359455	N/A	N/A	42.97385620915033	18.30065359477124	21.405228758169933	24.058919803600652	12.418300653594772	N/A	N/A	39.052287581699346	N/A	35.78431372549019	N/A	N/A	N/A	N/A	N/A	48.03921568627451	N/A	N/A	N/A	31.699346405228756	N/A	38.0718954248366	N/A	N/A	N/A	37.58169934640523	N/A	N/A	N/A	N/A	11.129296235679215	N/A	N/A	33.82352941176471	40.032679738562095	15.894039735099339	47.22222222222222	N/A	37.908496732026144	N/A	48.529411764705884	N/A	N/A	N/A
19	1969	32.6797385620915	0.32679738562091504	N/A	N/A	N/A	41.17647058823529	N/A	N/A	N/A	N/A	39.965397923875436	N/A	N/A	55.88235294117647	17.81045751633987	19.77124183006536	24.673202614379086	18.627450980392158	N/A	N/A	42.64705882352941	N/A	37.745098039215684	N/A	N/A	N/A	N/A	N/A	52.450980392156865	N/A	N/A	N/A	41.17647058823529	N/A	37.091503267973856	N/A	N/A	N/A	44.28104575163398	N/A	N/A	N/A	N/A	10.69078947368421	N/A	N/A	43.4640522875817	44.44444444444444	16.39072847682119	51.9607843137255	N/A	52.614379084967325	N/A	57.02614379084967	79.90196078431373	N/A	N/A
20	1970	23.366013071895424	0.0	N/A	N/A	N/A	26.96078431372549	N/A	N/A	N/A	N/A	25.45757071547421	N/A	N/A	44.11764705882353	16.503267973856207	18.627450980392158	23.202614379084967	9.640522875816995	N/A	N/A	36.9281045751634	N/A	31.372549019607842	N/A	N/A	N/A	N/A	N/A	49.18300653594771	N/A	N/A	N/A	33.49673202614379	N/A	36.27450980392157	N/A	N/A	N/A	37.091503267973856	N/A	N/A	N/A	N/A	10.801963993453354	N/A	N/A	33.68606701940035	38.59348198970841	14.950166112956811	42.48366013071895	N/A	39.21568627450981	N/A	62.745098039215684	74.01960784313727	N/A	N/A
21	1971	23.52941176470588	0.16339869281045752	N/A	N/A	N/A	25.816993464052292	N/A	N/A	N/A	N/A	31.155778894472363	N/A	N/A	45.723684210526315	17.483660130718953	21.405228758169933	25.326797385620914	13.19073083778966	N/A	N/A	39.705882352941174	N/A	35.45751633986928	N/A	N/A	N/A	N/A	N/A	51.470588235294116	N/A	N/A	N/A	37.908496732026144	N/A	40.19607843137255	N/A	N/A	N/A	37.908496732026144	N/A	N/A	N/A	N/A	21.405228758169933	N/A	N/A	37.34513274336283	41.796200345423145	16.0	47.05882352941176	N/A	37.908496732026144	N/A	65.19607843137256	81.86274509803921	N/A	N/A
22	1972	25.816993464052292	0.0	N/A	N/A	N/A	24.34640522875817	N/A	N/A	N/A	N/A	29.761904761904763	N/A	N/A	41.17647058823529	17.320261437908496	19.444444444444446	25.49019607843137	11.872909698996656	N/A	N/A	37.58169934640523	N/A	32.02614379084967	N/A	N/A	N/A	N/A	N/A	57.6797385620915	N/A	N/A	N/A	32.35294117647059	N/A	36.60130718954248	N/A	N/A	N/A	N/A	N/A	N/A	N/A	N/A	12.92962356792144	N/A	N/A	37.03703703703704	32.8125	15.2317880794702	42.3202614379085	0.16339869281045752	31.862745098039213	N/A	59.967320261437905	75.65359477124183	N/A	N/A
23	1973	31.5359477124183	0.16806722689075632	1.8062397372742198	N/A	48.86877828054298	40.849673202614376	80.3921568627451	52.94117647058824	37.453183520599254	49.673202614379086	50.51975051975052	38.0718954248366	56.88729874776386	54.084967320261434	13.071895424836603	17.81045751633987	23.856209150326798	14.072847682119205	N/A	N/A	42.15686274509804	44.04145077720207	N/A	1.0256410256410255	N/A	0.0	66.50326797385621	N/A	50.49019607843137	51.124744376278116	44.35643564356436	N/A	46.568627450980394	N/A	N/A	N/A	4.745762711864407	46.20811287477954	40.99485420240137	N/A	27.51798561151079	46.03448275862069	N/A	12.745098039215685	36.44859813084112	0.0	48.77622377622377	51.02040816326531	13.513513513513514	50.49019607843137	0.0	58.496732026143796	37.65281173594132	53.431372549019606	77.61437908496733	N/A	29.43722943722944
24	1974	29.08496732026144	0.0	1.7973856209150325	N/A	39.361702127659576	36.11111111111111	81.20915032679738	42.459016393442624	39.46280991735537	44.6078431372549	42.973523421588595	31.58756137479542	48.704663212435236	53.75816993464052	16.503267973856207	20.751633986928105	28.594771241830063	14.416058394160583	N/A	N/A	41.993464052287585	36.11111111111111	N/A	1.8062397372742198	N/A	0.0	64.70588235294117	1.7482517482517483	50.0	41.040462427745666	36.822429906542055	N/A	41.33986928104575	31.22923588039867	N/A	N/A	4.737732656514383	39.721254355400696	42.15017064846416	N/A	21.53846153846154	45.67062818336163	50.11135857461024	9.967320261437909	30.935251798561154	0.17094017094017094	43.936731107205624	48.797250859106526	16.580310880829018	47.549019607843135	0.0	49.01960784313725	31.25	51.79738562091504	82.51633986928104	N/A	26.045627376425855
25	1975	35.95706618962433	0.0	1.5332197614991483	N/A	40.7673860911271	39.698492462311556	82.35294117647058	47.049180327868854	45.10489510489511	44.771241830065364	46.035242290748904	29.08496732026144	52.57731958762887	59.361702127659576	16.666666666666664	24.094202898550723	29.411764705882355	15.630550621669629	N/A	N/A	42.50411861614498	39.21568627450981	N/A	2.287581699346405	N/A	0.0	71.73202614379085	2.051282051282051	50.65359477124183	46.70912951167728	40.04024144869216	N/A	41.33986928104575	41.711229946524064	N/A	N/A	4.873949579831933	43.77224199288256	46.666666666666664	N/A	22.61904761904762	48.797250859106526	60.36363636363637	17.18494271685761	36.36363636363637	0.0	N/A	48.47457627118644	17.504332755632582	54.51559934318555	0.17543859649122806	53.59477124183007	30.48780487804878	60.46128500823723	75.16339869281046	N/A	24.29718875502008
26	1976	26.797385620915033	0.16611295681063123	2.450980392156863	N/A	36.96969696969697	29.901960784313726	86.27450980392157	52.77777777777778	52.46800731261426	40.68627450980392	42.322834645669296	26.797385620915033	36.68430335097001	41.627906976744185	11.437908496732026	22.22222222222222	23.856209150326798	14.238952536824879	N/A	N/A	35.947712418300654	29.575163398692812	N/A	1.495016611295681	N/A	0.16339869281045752	58.82352941176471	1.9064124783362217	45.751633986928105	38.55421686746988	32.751937984496124	N/A	36.9281045751634	N/A	N/A	N/A	7.627118644067797	39.73634651600753	31.818181818181817	N/A	27.36660929432014	42.80762564991335	43.643263757115754	11.928104575163399	33.147632311977716	0.8928571428571428	42.03152364273205	46.96707105719237	12.216404886561955	49.34640522875817	0.6535947712418301	38.23529411764706	29.375	46.568627450980394	80.55555555555556	N/A	23.55072463768116
27	1977	21.405228758169933	0.9803921568627451	6.699346405228758	N/A	34.146341463414636	29.248366013071898	81.20915032679738	37.58169934640523	39.010989010989015	37.58169934640523	35.387673956262425	23.692810457516337	32.32142857142858	39.443155452436194	15.359477124183007	22.712418300653596	26.96078431372549	12.581699346405228	N/A	N/A	45.26143790849673	24.673202614379086	37.908496732026144	3.9215686274509802	N/A	0.6535947712418301	54.248366013071895	5.381944444444445	47.712418300653596	32.1285140562249	29.71887550200803	12.56637168141593	30.392156862745097	N/A	N/A	N/A	12.436974789915967	35.842293906810035	32.92894280762565	N/A	24.9554367201426	42.71186440677966	38.879456706281836	14.238952536824879	30.52109181141439	0.34965034965034963	32.89689034369886	39.86013986013986	13.013698630136986	53.92156862745098	0.16339869281045752	39.052287581699346	24.171539961013643	29.248366013071898	74.18300653594771	N/A	24.15026833631485
28	1978	19.77124183006536	0.0	1.6339869281045754	N/A	21.982758620689655	23.366013071895424	81.86274509803921	43.4640522875817	35.03649635036496	26.96078431372549	23.92241379310345	17.973856209150327	31.147540983606557	35.280373831775705	9.15032679738562	13.562091503267974	15.359477124183007	6.844741235392321	N/A	N/A	43.790849673202615	21.73202614379085	32.35294117647059	0.6535947712418301	N/A	0.16339869281045752	46.40522875816993	1.3961605584642234	43.627450980392155	23.728813559322035	21.50101419878296	6.343283582089552	26.633986928104576	N/A	41.08019639934534	N/A	5.993150684931506	30.0	27.79783393501805	N/A	18.34862385321101	38.9948006932409	49.63636363636363	16.33986928104575	25.6797583081571	0.0	29.411764705882355	30.796460176991154	8.741258741258742	57.02614379084967	0.9819967266775778	33.49673202614379	15.505617977528091	52.28758169934641	68.4640522875817	N/A	11.929824561403509
29	1979	23.202614379084967	0.0	1.7973856209150325	N/A	30.923694779116467	27.124183006535947	87.25490196078431	41.66666666666667	36.996336996337	37.254901960784316	34.38155136268344	21.895424836601308	33.035714285714285	44.626168224299064	12.091503267973856	17.15686274509804	23.202614379084967	16.2109375	N/A	N/A	32.51633986928105	26.782608695652172	30.555555555555557	2.287581699346405	N/A	0.6535947712418301	50.54466230936819	1.5384615384615385	37.908496732026144	29.65779467680608	27.906976744186046	N/A	33.98692810457516	N/A	44.33497536945813	N/A	5.110732538330494	38.671875	30.956521739130434	N/A	24.912280701754387	36.83304647160069	46.62045060658579	16.33986928104575	27.297297297297295	1.0526315789473684	31.699346405228756	37.5886524822695	10.642201834862385	50.0	0.16339869281045752	36.11111111111111	23.076923076923077	66.01307189542483	69.11764705882352	N/A	18.91891891891892
30	1980	27.61437908496732	0.6600660066006601	2.287581699346405	N/A	29.862475442043223	27.450980392156865	89.05228758169935	39.54248366013072	42.63157894736842	35.78431372549019	33.069306930693074	19.28104575163399	31.762652705061083	47.55244755244755	18.790849673202615	24.673202614379086	29.575163398692812	16.0	N/A	N/A	53.10457516339869	25.47008547008547	32.6797385620915	1.9607843137254901	N/A	0.0	55.6836902800659	2.2847100175746924	48.69281045751634	30.711610486891384	27.323420074349443	17.32142857142857	33.169934640522875	N/A	47.05882352941176	N/A	6.408094435075886	42.69870609981516	43.22033898305085	N/A	26.40449438202247	38.128249566724435	46.10051993067591	20.098039215686274	27.556818181818183	0.0	35.294117647058826	35.535714285714285	18.81533101045296	58.98692810457516	0.16339869281045752	32.84313725490196	25.108225108225106	65.52287581699346	70.75163398692811	N/A	21.45390070921986
31	1981	25.75250836120401	0.0	1.3071895424836601	N/A	27.234927234927238	24.673202614379086	87.09150326797386	38.39869281045752	31.14478114478115	33.66013071895425	27.552986512524086	22.875816993464053	N/A	48.15668202764977	13.23529411764706	16.99346405228758	24.222585924713584	10.16949152542373	N/A	N/A	37.58169934640523	27.874564459930312	36.60130718954248	1.4729950900163666	N/A	0.0	55.61056105610561	1.5151515151515151	44.44444444444444	26.56546489563567	28.74251497005988	N/A	32.51633986928105	N/A	42.786885245901644	N/A	4.9916805324459235	43.63256784968685	33.78151260504202	N/A	21.503496503496503	40.27538726333907	50.25728987993139	19.28104575163399	28.04878048780488	0.17921146953405018	36.01973684210527	34.77218225419664	11.891891891891893	56.209150326797385	0.0	38.88888888888889	21.573033707865168	69.11764705882352	65.359477124183	N/A	18.51145038167939
32	1982	37.3134328358209	0.0	1.9607843137254901	N/A	38.86792452830189	30.065359477124183	85.62091503267973	41.830065359477125	32.189542483660134	42.3202614379085	41.51291512915129	30.392156862745097	N/A	52.459016393442624	15.522875816993464	23.52941176470588	28.96890343698854	25.0	N/A	N/A	41.50326797385621	29.96575342465753	36.43790849673202	1.9607843137254901	N/A	0.0	57.84313725490197	2.030456852791878	49.34640522875817	37.340619307832426	38.24091778202677	N/A	39.21568627450981	N/A	31.699346405228756	N/A	N/A	48.134328358208954	44.991212653778554	N/A	31.62544169611308	N/A	59.86159169550172	14.54248366013072	41.60401002506266	0.36496350364963503	37.33552631578947	48.34905660377358	17.26618705035971	51.9607843137255	1.3071895424836601	38.23529411764706	29.62226640159046	65.84967320261438	78.59477124183006	N/A	27.700348432055748
33	1983	27.00490998363339	0.16420361247947454	3.104575163398693	N/A	36.45833333333333	26.47058823529412	86.11111111111111	41.01307189542484	35.62091503267974	36.60130718954248	35.445544554455445	23.202614379084967	35.34338358458962	44.28904428904429	12.418300653594772	20.751633986928105	23.52941176470588	20.212765957446805	N/A	N/A	39.37908496732026	31.314878892733567	31.045751633986928	2.1311475409836063	N/A	0.6535947712418301	52.94117647058824	2.7027027027027026	45.662847790507364	34.98098859315589	33.61522198731501	13.883677298311445	30.555555555555557	N/A	25.816993464052292	N/A	10.825688073394495	44.9901768172888	36.594202898550726	N/A	27.11267605633803	33.13609467455622	42.68502581755594	13.725490196078432	32.40506329113924	1.9230769230769231	38.640132669983416	34.588235294117645	15.37037037037037	49.01960784313725	0.49019607843137253	38.88888888888889	29.22077922077922	53.75816993464052	73.52941176470588	N/A	24.907063197026023
34	1984	19.69439728353141	0.1644736842105263	2.697841726618705	N/A	22.28682170542636	20.0	81.69934640522875	38.752052545156	36.11111111111111	32.51633986928105	25.04604051565378	17.647058823529413	26.89075630252101	31.36842105263158	7.352941176470589	13.736263736263737	16.90391459074733	7.80399274047187	N/A	N/A	36.48424543946932	20.098039215686274	28.431372549019606	2.127659574468085	N/A	0.18281535648994515	44.44444444444444	1.530612244897959	37.254901960784316	23.728813559322035	20.866141732283463	5.555555555555555	27.380952380952383	N/A	36.607142857142854	21.237458193979933	4.41696113074205	35.91269841269841	25.573192239858905	N/A	17.65704584040747	30.791788856304986	31.058020477815703	15.359477124183007	20.0	0.3527336860670194	28.862478777589136	31.678486997635936	6.417112299465241	49.01315789473684	0.0	28.75816993464052	13.255360623781677	47.13584288052373	75.49019607843137	N/A	13.403880070546737
35	1985	26.90972222222222	0.0	3.0821917808219177	N/A	26.337448559670783	22.448979591836736	82.62295081967214	46.48117839607202	26.721311475409838	30.392156862745097	29.7244094488189	22.22222222222222	28.399311531841654	35.308056872037916	14.705882352941178	22.552447552447553	26.39593908629442	13.26530612244898	N/A	0.0	38.70431893687707	23.856209150326798	30.555555555555557	4.4189852700491	N/A	0.3412969283276451	53.0	3.103448275862069	46.568627450980394	26.325757575757574	26.459143968871597	11.525423728813559	28.39506172839506	N/A	28.888888888888886	26.99490662139219	8.937605396290051	35.85271317829458	31.965811965811962	N/A	21.160409556313994	39.626168224299064	52.3972602739726	24.019607843137255	22.505307855626327	0.36101083032490977	37.33552631578947	31.132075471698112	14.020270270270272	38.587848932676515	0.3502626970227671	34.47712418300654	19.367588932806324	60.75533661740559	75.81699346405229	N/A	18.88111888111888
36	1986	26.47058823529412	0.0	N/A	N/A	28.199999999999996	26.797385620915033	83.27868852459017	48.03921568627451	31.209150326797385	32.189542483660134	31.237721021611005	22.913256955810148	37.30834752981261	46.88888888888889	16.176470588235293	20.424836601307188	33.22091062394604	7.904411764705882	N/A	0.3968253968253968	42.48366013071895	26.143790849673206	36.76470588235294	4.098360655737705	N/A	0.0	57.833333333333336	4.310344827586207	48.32775919732442	32.20338983050847	28.958333333333336	14.165261382799327	31.209150326797385	N/A	36.23931623931624	25.806451612903224	10.81081081081081	40.15904572564612	37.22504230118444	N/A	18.72727272727273	45.73913043478261	50.847457627118644	17.647058823529413	21.261682242990652	0.0	37.41830065359477	35.84905660377358	15.55944055944056	48.20261437908497	0.32679738562091504	41.01307189542484	20.659340659340657	56.372549019607845	77.94117647058823	N/A	17.509025270758123
37	1987	29.248366013071898	0.0	N/A	N/A	33.203125	27.450980392156865	79.73856209150327	54.41176470588235	29.411764705882355	43.627450980392155	37.5	27.124183006535947	38.11965811965812	52.80898876404494	18.494271685761046	24.34640522875817	30.96885813148789	12.18568665377176	N/A	0.0	43.30065359477124	27.941176470588236	39.705882352941174	2.2033898305084745	N/A	0.49019607843137253	60.86956521739131	1.6339869281045754	53.10457516339869	33.984375	34.43298969072165	15.6140350877193	39.869281045751634	N/A	33.09222423146474	38.395904436860064	4.5855379188712515	45.19774011299435	42.63157894736842	N/A	29.087452471482887	50.29126213592233	44.88734835355286	23.03921568627451	27.631578947368425	0.0	N/A	47.540983606557376	20.342205323193916	44.44444444444444	0.6535947712418301	39.052287581699346	26.096491228070175	59.31372549019608	78.75816993464052	N/A	N/A
38	1988	22.058823529411764	0.0	3.5593220338983054	N/A	26.765799256505574	29.901960784313726	76.63398692810458	48.529411764705884	33.33333333333333	34.967320261437905	31.57894736842105	25.326797385620914	35.06711409395973	44.51901565995526	15.032679738562091	14.37908496732026	22.74247491638796	10.16949152542373	N/A	0.4273504273504274	33.169934640522875	25.49019607843137	30.88235294117647	1.675041876046901	N/A	N/A	57.08418891170432	4.411764705882353	44.6078431372549	33.86454183266932	33.547008547008545	8.040201005025125	32.6797385620915	N/A	34.797891036906854	30.743243243243246	6.688963210702341	37.35632183908046	29.780033840947546	N/A	23.96039603960396	43.71584699453552	38.67595818815331	10.620915032679738	23.41549295774648	0.0	34.160305343511446	37.00234192037471	9.84182776801406	45.09803921568628	0.32679738562091504	37.745098039215684	20.861678004535147	46.24183006535948	66.66666666666666	N/A	17.15399610136452
39	1989	25.53191489361702	N/A	2.8192371475953566	N/A	27.70137524557957	23.202614379084967	90.50736497545007	40.35947712418301	25.0	36.76470588235294	30.54003724394786	25.326797385620914	35.506003430531734	N/A	13.562091503267974	20.26143790849673	27.516778523489933	9.981167608286253	N/A	0.43103448275862066	35.62091503267974	24.34640522875817	29.575163398692812	2.3140495867768593	N/A	0.0	N/A	2.6143790849673203	50.98039215686274	30.103092783505154	35.874439461883405	10.281923714759536	31.862745098039213	N/A	32.26890756302521	31.41891891891892	8.528428093645484	36.38059701492538	36.91275167785235	N/A	22.60536398467433	46.880269814502526	51.70068027210885	10.801963993453354	26.96078431372549	0.0	40.280210157618214	40.0	11.64021164021164	44.44444444444444	0.32679738562091504	39.21568627450981	21.710526315789476	54.91803278688525	70.58823529411765	27.659574468085108	16.159695817490494
40	1990	21.475409836065573	0.0	5.05050505050505	N/A	23.364485981308412	16.503267973856207	86.57937806873977	41.66666666666667	23.03921568627451	33.33333333333333	19.572953736654807	14.869281045751634	19.62134251290878	40.37122969837587	15.196078431372548	19.28104575163399	27.7027027027027	9.930313588850174	N/A	0.4149377593360996	40.032679738562095	12.745098039215685	40.298507462686565	2.450980392156863	N/A	0.16366612111292964	80.21390374331551	3.104575163398693	43.95424836601307	19.210053859964095	24.35129740518962	12.520868113522537	27.124183006535947	N/A	41.40893470790378	24.79061976549414	8.094435075885329	28.10810810810811	31.3758389261745	20.0	17.604355716878402	43.7609841827768	48.817567567567565	8.538587848932677	19.607843137254903	0.0	30.397236614853195	33.87096774193548	13.194444444444445	46.73202614379085	0.32679738562091504	25.163398692810457	17.726396917148364	53.92156862745098	65.52287581699346	24.34640522875817	15.32976827094474
41	1991	30.756578947368425	0.0	3.0354131534569984	N/A	39.381443298969074	36.76470588235294	88.8707037643208	45.09803921568628	29.73856209150327	44.09836065573771	37.15846994535519	29.411764705882355	53.06122448979592	60.36446469248291	20.915032679738562	28.104575163398692	38.74788494077834	15.825688073394495	N/A	0.0	44.28104575163398	39.21568627450981	59.50413223140496	2.955665024630542	N/A	0.0	N/A	0.9803921568627451	54.41176470588235	37.62376237623762	39.603960396039604	15.88628762541806	41.01307189542484	N/A	45.17766497461929	35.79831932773109	5.816135084427768	44.982078853046595	43.19327731092437	33.06233062330624	28.57142857142857	50.33557046979866	53.691275167785236	13.398692810457517	31.03448275862069	0.0	51.393728222996515	50.35294117647059	17.857142857142858	52.12418300653595	0.32733224222585927	54.57516339869281	30.114942528735632	60.78431372549019	71.56862745098039	32.35294117647059	23.828125
42	1992	27.138157894736842	0.0	1.6722408026755853	N/A	29.063097514340345	24.34640522875817	85.13513513513513	35.294117647058826	27.124183006535947	31.674958540630183	26.142595978062154	20.26143790849673	33.45070422535211	50.0	17.75544388609715	18.4640522875817	28.881469115191987	11.50943396226415	N/A	0.2066115702479339	33.33333333333333	26.47058823529412	34.205231388329985	0.33277870216306155	N/A	0.0	N/A	0.8169934640522877	48.69281045751634	29.62264150943396	27.881040892193308	9.236234458259325	29.73856209150327	N/A	32.666666666666664	30.198019801980198	6.401384083044983	36.2962962962963	38.552188552188554	16.094986807387862	23.684210526315788	47.0	41.63879598662207	6.209150326797386	22.350993377483444	0.0	39.79416809605489	38.61671469740634	14.855072463768115	37.41830065359477	0.0	37.049180327868854	21.64328657314629	47.712418300653596	51.9607843137255	26.446280991735538	19.168173598553345
43	1993	23.393739703459637	0.3395585738539898	3.6666666666666665	N/A	35.4775828460039	25.49019607843137	87.41721854304636	37.41830065359477	22.385620915032682	36.13861386138614	34.82309124767225	27.77777777777778	34.1113105924596	43.73626373626374	14.309210526315788	17.15686274509804	23.745819397993312	18.36327345309381	N/A	0.4048582995951417	44.0	29.73856209150327	47.18826405867971	2.671118530884808	N/A	0.0	55.96707818930041	2.7777777777777777	42.15686274509804	31.934306569343068	35.0	10.887772194304858	33.82352941176471	N/A	46.776859504132226	35.9375	10.050251256281408	36.496350364963504	32.5	17.71117166212534	29.227557411273487	38.898163606010016	30.948419301164726	7.516339869281046	27.049180327868854	0.0	38.0352644836272	41.17647058823529	10.175438596491228	47.22222222222222	0.16339869281045752	37.274220032840724	28.94168466522678	36.27450980392157	56.372549019607845	29.489291598023065	21.996303142329023
44	1994	21.983471074380166	0.0	1.5254237288135595	N/A	29.53271028037383	24.509803921568626	78.58719646799118	41.50326797385621	28.104575163398692	38.265306122448976	26.418439716312058	23.202614379084967	27.17948717948718	44.713656387665196	N/A	16.99346405228758	25.581395348837212	9.375	N/A	0.0	32.31597845601436	22.385620915032682	37.94749403341289	0.6557377049180327	N/A	0.0	56.14525139664804	0.6535947712418301	39.705882352941174	24.475524475524477	27.087198515769945	9.693877551020408	34.31372549019608	N/A	33.61344537815126	29.081632653061224	3.571428571428571	33.6996336996337	38.96551724137931	14.705882352941178	24.951267056530213	39.93231810490694	34.63497453310696	7.6158940397351	26.722689075630253	0.0	37.46630727762803	40.909090909090914	11.403508771929824	37.41830065359477	0.0	30.369127516778523	20.07952286282306	39.37908496732026	63.23529411764706	25.666666666666664	17.09558823529412
45	1995	27.27272727272727	0.0	3.8391224862888484	N/A	26.477024070021884	25.368248772504092	94.47115384615384	51.633986928104584	25.816993464052292	35.44093178036606	27.77777777777778	20.915032679738562	39.226519337016576	43.624161073825505	15.246636771300448	20.29459901800327	28.762541806020064	9.65391621129326	N/A	0.0	34.64052287581699	26.96078431372549	43.31065759637188	2.1311475409836063	N/A	0.0	58.24742268041238	2.941176470588235	45.588235294117645	26.44787644787645	27.526881720430108	15.567765567765568	30.718954248366014	N/A	31.103678929765888	31.949458483754512	9.75609756097561	36.57587548638132	35.094339622641506	9.97229916897507	26.94063926940639	43.942133815551536	40.29574861367837	10.457516339869281	29.411764705882355	0.1779359430604982	36.36363636363637	63.87832699619772	15.156794425087108	38.297872340425535	0.16393442622950818	38.26955074875208	18.91891891891892	50.49019607843137	67.64705882352942	26.776859504132233	16.297786720321934
46	1996	26.062846580406656	0.0	N/A	N/A	23.167848699763592	19.934640522875817	N/A	28.75816993464052	31.5359477124183	30.244755244755243	25.05263157894737	18.985270049099835	40.49586776859504	43.79391100702576	N/A	16.857610474631752	27.066115702479337	8.587786259541986	N/A	0.0	29.489291598023065	28.13765182186235	38.309859154929576	3.2319391634980987	N/A	0.33444816053511706	59.17312661498708	2.9459901800327333	39.11620294599018	23.96694214876033	26.222222222222225	12.727272727272727	29.296235679214405	N/A	34.65346534653465	28.189300411522634	N/A	35.11904761904761	35.28225806451613	N/A	17.90744466800805	43.2712215320911	33.096085409252666	9.703947368421053	21.150592216582066	0.0	41.57706093189964	36.95652173913043	12.844036697247708	36.27450980392157	0.0	37.185929648241206	18.472906403940886	35.130718954248366	58.82352941176471	20.517241379310345	17.162471395881006
47	1997	22.385620915032682	0.6666666666666667	1.9607843137254901	N/A	21.663778162911612	23.366013071895424	N/A	30.555555555555557	33.387888707037646	34.91525423728813	25.654450261780106	20.588235294117645	26.573426573426573	38.72113676731794	7.601351351351352	13.23529411764706	19.82608695652174	8.666666666666668	N/A	0.6437768240343348	28.104575163398692	24.697754749568222	22.426470588235293	1.6611295681063125	N/A	0.16366612111292964	49.64705882352941	1.3071895424836601	30.27823240589198	27.815699658703068	27.2108843537415	8.24561403508772	31.699346405228756	N/A	33.222591362126245	28.745644599303137	4.537521815008725	37.52181500872601	24.173913043478258	14.666666666666666	20.30716723549488	30.360205831903947	25.085324232081913	11.620294599018004	23.905723905723907	0.38167938931297707	N/A	30.126582278481013	8.547008547008547	35.467980295566505	0.0	28.30820770519263	15.424610051993067	37.745098039215684	63.888888888888886	26.1986301369863	17.223198594024606
48	1998	32.51633986928105	0.3389830508474576	5.68561872909699	N/A	20.89041095890411	24.673202614379086	N/A	34.47712418300654	29.248366013071898	29.848229342327148	26.287744227353464	22.749590834697216	30.82191780821918	43.290043290043286	18.739352640545146	28.26797385620915	34.96376811594203	11.390284757118927	N/A	0.0	50.49019607843137	24.95755517826825	40.8	4.391891891891892	N/A	0.0	49.75247524752475	5.88235294117647	55.71895424836602	29.47368421052631	29.50530035335689	19.137931034482758	25.653594771241828	N/A	44.027303754266214	29.668411867364746	12.633451957295375	34.067796610169495	43.99293286219081	N/A	18.421052631578945	53.22862129144852	34.80565371024735	9.836065573770492	25.08361204013378	0.17331022530329288	N/A	28.644501278772378	16.179001721170398	54.50081833060556	2.287581699346405	29.809358752166375	18.384879725085913	51.71849427168576	55.319148936170215	26.51006711409396	17.33102253032929
49	1999	31.260229132569556	0.0	2.287581699346405	N/A	20.812182741116754	32.733224222585925	N/A	37.091503267973856	45.171849427168574	37.79661016949152	25.496688741721858	24.673202614379086	36.13861386138614	54.24528301886793	19.439252336448597	26.797385620915033	31.979695431472084	9.151414309484194	N/A	0.21691973969631237	43.34975369458128	24.668874172185433	37.983193277310924	2.7027027027027026	N/A	0.16339869281045752	55.980861244019145	1.6339869281045754	53.431372549019606	27.768595041322314	25.04258943781942	14.285714285714285	33.82352941176471	N/A	40.0	28.499999999999996	7.241379310344828	36.41025641025641	44.29530201342282	16.23931623931624	20.962199312714777	51.68350168350169	36.27450980392157	10.947712418300654	25.557461406518012	0.16722408026755853	N/A	35.64356435643564	15.780730897009967	47.05882352941176	0.0	37.719298245614034	15.282392026578073	46.9721767594108	61.111111111111114	28.07971014492754	14.521452145214523
50	2000	23.03921568627451	0.0	3.104575163398693	N/A	19.185059422750424	22.54901960784314	N/A	29.901960784313726	31.751227495908346	25.58983666061706	22.31404958677686	20.130932896890343	N/A	39.839572192513366	N/A	21.311475409836063	N/A	N/A	21.85430463576159	0.0	41.66666666666667	22.277227722772277	N/A	N/A	N/A	0.0	48.517520215633425	3.594771241830065	44.44444444444444	20.066334991708125	17.61744966442953	12.850082372322898	30.555555555555557	N/A	N/A	26.02965403624382	N/A	29.09090909090909	36.258278145695364	16.88963210702341	16.666666666666664	N/A	36.60130718954248	9.00163666121113	24.46183953033268	0.0	N/A	27.513227513227513	14.80865224625624	50.90016366612111	0.8169934640522877	31.835205992509362	N/A	40.68627450980392	65.52287581699346	20.646319569120287	N/A
51	2001	28.431372549019606	0.0	0.49019607843137253	N/A	23.400673400673398	32.35294117647059	N/A	32.84313725490196	41.993464052287585	39.25233644859813	27.81456953642384	23.692810457516337	N/A	46.682464454976305	N/A	19.54022988505747	N/A	N/A	18.985270049099835	0.24875621890547264	39.770867430441896	34.64052287581699	N/A	N/A	N/A	0.0	75.51622418879056	0.6535947712418301	49.486301369863014	31.65829145728643	28.865979381443296	9.983633387888707	38.0718954248366	18.579234972677597	N/A	29.04841402337229	N/A	36.96027633851468	35.714285714285715	10.243055555555555	20.701754385964914	N/A	29.78723404255319	11.783960720130933	30.87649402390438	0.33277870216306155	N/A	43.440233236151606	11.76470588235294	48.026315789473685	0.16339869281045752	37.98165137614679	N/A	40.58919803600654	65.84967320261438	28.78787878787879	N/A
52	2002	25.98039215686275	0.0	0.8183306055646482	N/A	24.576271186440678	30.9328968903437	N/A	34.64052287581699	40.68627450980392	29.82791586998088	27.580372250423014	25.326797385620914	N/A	50.27777777777778	N/A	13.322368421052634	N/A	N/A	17.02127659574468	0.0	38.25944170771757	31.372549019607842	N/A	N/A	N/A	0.0	65.25679758308158	0.16366612111292964	46.05042016806723	28.716216216216218	29.947460595446586	9.15032679738562	35.78431372549019	26.31578947368421	N/A	27.7027027027027	N/A	33.89261744966443	35.49488054607509	11.986301369863012	18.838028169014084	N/A	34.31372549019608	11.437908496732026	27.212389380530972	0.16778523489932887	N/A	33.787465940054496	10.457516339869281	41.87192118226601	0.16339869281045752	44.01473296500921	N/A	46.15384615384615	54.41176470588235	27.670753064798596	N/A
53	2003	26.96078431372549	0.0	2.618657937806874	N/A	22.871452420701168	30.555555555555557	N/A	35.3518821603928	33.82352941176471	47.79661016949153	30.201342281879196	26.633986928104576	N/A	37.60217983651226	N/A	16.912972085385878	N/A	N/A	15.686274509803921	0.21551724137931033	30.327868852459016	24.34640522875817	N/A	N/A	N/A	0.0	59.28753180661578	2.3064250411861615	40.819964349376114	28.475711892797317	28.07017543859649	12.091503267973856	42.97385620915033	14.313725490196077	N/A	32.60504201680672	N/A	41.55405405405405	34.84087102177554	9.882747068676718	23.448275862068964	N/A	24.836601307189543	5.8919803600654665	33.02063789868668	0.0	N/A	52.05128205128206	11.11111111111111	40.29605263157895	0.16339869281045752	38.26714801444043	N/A	43.30065359477124	53.682487725040914	31.40794223826715	N/A
54	2004	22.22222222222222	0.16778523489932887	0.49586776859504134	N/A	22.487223168654175	28.104575163398692	N/A	43.77049180327869	23.52941176470588	36.36363636363637	25.870646766169152	25.326797385620914	30.74380165289256	43.46793349168646	N/A	20.751633986928105	24.834437086092713	N/A	19.639934533551553	0.0	39.86820428336079	24.18300653594771	35.430463576158935	N/A	N/A	0.0	59.61538461538461	0.6568144499178982	44.01349072512647	25.96964586846543	26.405451448040886	7.026143790849673	32.6797385620915	27.986348122866893	N/A	28.405315614617937	5.536332179930796	33.22147651006711	36.21262458471761	14.691151919866444	19.750889679715304	44.329896907216494	22.712418300653596	10.801963993453354	26.95035460992908	0.0	N/A	35.294117647058826	8.823529411764707	44.636678200692046	0.0	34.33098591549296	15.562913907284766	33.224222585924714	57.35294117647059	N/A	15.460526315789474
55	2005	26.186579378068743	0.0	2.828618968386023	N/A	21.217105263157894	27.00490998363339	81.81818181818183	33.55155482815057	28.477905073649758	38.333333333333336	25.0	25.287356321839084	36.33387888707038	47.817460317460316	12.459016393442624	17.81045751633987	23.692810457516337	13.533834586466165	22.167487684729064	0.3215434083601286	35.3518821603928	28.594771241830063	33.820840950639855	5.3627760252365935	27.926421404682273	0.0	64.93506493506493	4.3478260869565215	50.736497545008184	25.0	26.689774696707108	11.348684210526317	33.49673202614379	25.98039215686275	49.42339373970346	29.7029702970297	8.538587848932677	32.508250825082506	34.38538205980066	13.531353135313532	20.070422535211268	48.36601307189542	24.18300653594771	9.328968903436989	33.035714285714285	0.16556291390728478	N/A	41.66666666666667	11.928104575163399	46.89542483660131	1.3071895424836601	45.67404426559356	14.729950900163665	35.78431372549019	63.725490196078425	33.78378378378378	13.725490196078432
56	2006	27.61437908496732	0.0	0.4909983633387889	23.692810457516337	21.34646962233169	28.26797385620915	75.9075907590759	40.52287581699346	38.23529411764706	38.01801801801802	24.019607843137255	22.861842105263158	36.17021276595745	45.04950495049505	11.601307189542483	16.503267973856207	21.895424836601308	13.470319634703195	18.30065359477124	0.0	32.0785597381342	32.84313725490196	31.21869782971619	1.3157894736842104	28.877887788778878	0.0	63.9386189258312	0.8210180623973727	44.93464052287582	25.493421052631575	36.34146341463415	8.538587848932677	32.51633986928105	25.125628140703515	33.9344262295082	30.065359477124183	4.0201005025125625	33.114754098360656	34.64052287581699	12.581699346405228	31.054131054131055	40.92409240924093	41.01307189542484	12.581699346405228	30.327868852459016	0.0	N/A	43.236074270557026	9.819967266775777	40.52287581699346	0.0	46.07843137254902	14.37908496732026	52.12418300653595	73.0392156862745	32.17054263565892	13.071895424836603
57	2007	23.202614379084967	0.0	1.4705882352941175	19.934640522875817	16.557377049180328	20.78559738134206	79.22297297297297	44.02618657937807	27.77777777777778	25.882352941176475	20.26143790849673	22.42225859247136	33.66013071895425	42.20032840722496	10.965630114566286	20.098039215686274	26.307189542483663	6.721311475409836	16.557377049180328	0.16366612111292964	33.55155482815057	24.673202614379086	26.69983416252073	1.6722408026755853	27.483443708609272	0.0	59.68586387434554	1.4827018121911038	40.752864157119475	22.058823529411764	28.165374677002585	11.475409836065573	32.6797385620915	20.648464163822524	43.75	24.18300653594771	4.091653027823241	31.914893617021278	31.914893617021278	16.33986928104575	N/A	40.78947368421053	26.677577741407525	6.557377049180328	15.901639344262295	0.0	37.59398496240601	24.708171206225682	10.130718954248366	43.69885433715221	0.0	35.03289473684211	12.091503267973856	47.05882352941176	69.67213114754098	23.986486486486484	10.130718954248366
58	2008	25.573770491803277	0.0	0.8169934640522877	20.915032679738562	18.16693944353519	23.03921568627451	71.42857142857143	44.84451718494272	39.50819672131147	32.35294117647059	22.058823529411764	21.568627450980394	34.47712418300654	49.00181488203267	13.278688524590162	18.627450980392158	23.895253682487724	6.546644844517186	16.99346405228758	0.16556291390728478	46.22950819672131	23.856209150326798	35.04132231404959	0.8223684210526315	N/A	0.0	52.04545454545455	0.16339869281045752	46.73202614379085	21.112929623567922	29.133858267716533	9.586776859504132	30.065359477124183	20.098039215686274	54.828150572831426	23.895253682487724	5.392156862745098	29.248366013071898	35.947712418300654	17.37704918032787	N/A	44.35351882160393	34.47712418300654	10.294117647058822	23.118279569892472	0.16420361247947454	34.18604651162791	31.914893617021278	12.745098039215685	54.42622950819672	0.6557377049180327	34.8111658456486	12.091503267973856	54.00981996726678	68.90343698854338	23.026315789473685	9.803921568627452
59	2009	25.653594771241828	0.16474464579901155	1.4729950900163666	23.692810457516337	19.967266775777414	26.633986928104576	74.91525423728814	40.68627450980392	31.372549019607842	31.260229132569556	24.34640522875817	22.058823529411764	37.704918032786885	45.83333333333333	14.918032786885247	18.954248366013072	25.98039215686275	8.360655737704919	20.0	0.0	39.67213114754099	27.049180327868854	35.63218390804598	1.639344262295082	30.57851239669421	0.0	50.47169811320755	3.104575163398693	52.77777777777778	24.46633825944171	32.0	12.91390728476821	30.392156862745097	25.040916530278235	45.171849427168574	27.287581699346404	6.219312602291326	31.09656301145663	35.45751633986928	13.2569558101473	N/A	51.55482815057283	29.73856209150327	8.852459016393443	20.53231939163498	0.0	23.92086330935252	31.372549019607842	13.071895424836603	44.11764705882353	0.8169934640522877	37.87375415282392	15.245901639344261	44.11764705882353	63.725490196078425	26.307189542483663	13.725490196078432
60	2010	28.594771241830063	0.0	2.622950819672131	32.35294117647059	23.731587561374795	33.33333333333333	79.13907284768213	46.568627450980394	26.47058823529412	41.01307189542484	28.594771241830063	26.143790849673206	45.49918166939443	46.07329842931937	15.435139573070607	23.03921568627451	30.392156862745097	8.01963993453355	24.509803921568626	0.0	49.01639344262295	27.86885245901639	41.22516556291391	3.47682119205298	33.224222585924714	0.0	64.20323325635104	2.618657937806874	51.143790849673195	29.769736842105267	34.005037783375315	14.075286415711949	38.72549019607843	26.80921052631579	52.12418300653595	32.02614379084967	7.768595041322314	38.91625615763547	44.05940594059406	23.404255319148938	29.145728643216078	49.59083469721768	34.31372549019608	12.908496732026146	26.755852842809364	0.0	N/A	43.13725490196079	14.705882352941178	54.75409836065573	0.8169934640522877	46.22950819672131	17.320261437908496	52.04582651391162	66.77577741407529	29.575163398692812	14.705882352941178
61	2011	30.27823240589198	0.16366612111292964	4.934210526315789	28.921568627450984	23.636363636363637	31.862745098039213	70.88186356073211	44.93464052287582	40.19607843137255	39.93453355155483	28.26797385620915	26.47058823529412	40.91653027823241	56.22950819672131	14.521452145214523	22.54901960784314	28.477905073649758	9.868421052631579	26.307189542483663	0.8169934640522877	38.38550247116969	31.260229132569556	33.11036789297659	6.065573770491803	34.86088379705401	0.0	66.20689655172414	4.084967320261438	48.117839607201304	27.33224222585925	35.09615384615385	12.807881773399016	37.58169934640523	29.44078947368421	50.49180327868853	27.986906710310965	6.382978723404255	36.57331136738056	45.826513911620296	13.23529411764706	30.476190476190478	45.799011532125206	25.49019607843137	7.704918032786885	28.57142857142857	0.1644736842105263	45.45454545454545	42.63392857142857	12.418300653594772	44.28104575163398	0.8183306055646482	44.499178981937604	17.15686274509804	46.73202614379085	69.93464052287581	26.350245499181668	16.503267973856207
62	2012	26.677577741407525	0.0	1.4729950900163666	22.22222222222222	18.54974704890388	25.653594771241828	71.63904235727439	46.808510638297875	39.705882352941174	35.467980295566505	23.366013071895424	21.241830065359476	32.00663349917081	48.03921568627451	15.196078431372548	17.81045751633987	25.49019607843137	6.095551894563426	18.627450980392158	0.32679738562091504	42.97385620915033	22.42225859247136	38.230383973288816	3.166666666666667	30.392156862745097	0.32679738562091504	55.60859188544153	1.1475409836065573	58.29228243021346	22.875816993464053	23.636363636363637	8.360655737704919	33.006535947712415	20.398009950248756	41.89852700490999	26.633986928104576	3.431372549019608	36.303630363036305	42.810457516339866	13.2569558101473	N/A	53.92156862745098	35.294117647058826	11.601307189542483	26.252158894645945	0.16339869281045752	35.116279069767444	40.21739130434783	11.437908496732026	43.30065359477124	0.0	33.442622950819676	10.294117647058822	55.71895424836602	64.37908496732027	26.07204116638079	9.313725490196079
63	2013	23.278688524590162	0.0	1.8032786885245904	26.350245499181668	20.875420875420875	28.431372549019606	71.14695340501792	38.297872340425535	38.85245901639344	35.73770491803279	22.875816993464053	24.713584288052374	35.90163934426229	44.370860927152314	13.88888888888889	21.07843137254902	25.816993464052292	5.573770491803279	20.29459901800327	0.7042253521126761	42.06219312602291	23.567921440261866	38.36065573770492	2.145214521452145	27.77777777777778	0.0	54.92610837438424	1.7973856209150325	45.751633986928105	26.186579378068743	24.721189591078065	11.967213114754099	32.189542483660134	21.241830065359476	53.46534653465347	23.52941176470588	6.229508196721312	33.9344262295082	34.697217675941076	19.24342105263158	17.575757575757574	51.55482815057283	34.04255319148936	13.398692810457517	22.388059701492537	0.16366612111292964	36.43790849673202	37.17105263157895	12.254901960784313	49.673202614379086	0.0	36.61740558292282	10.784313725490197	51.143790849673195	70.58823529411765	20.424836601307188	11.11111111111111
64	2014	25.85924713584288	0.0	0.3284072249589491	18.137254901960784	15.51155115511551	20.588235294117645	78.81773399014779	30.392156862745097	32.242225859247135	24.509803921568626	17.15686274509804	18.494271685761046	27.00490998363339	45.46952224052718	13.725490196078432	17.81045751633987	26.307189542483663	5.756578947368421	19.11764705882353	0.17271157167530224	41.17647058823529	21.639344262295083	34.2668863261944	0.6655574043261231	33.98692810457516	0.16339869281045752	49.51690821256038	0.49180327868852464	47.95417348608838	18.16693944353519	21.31519274376417	10.491803278688524	24.019607843137255	21.34646962233169	41.40233722871452	18.790849673202615	5.228758169934641	24.877250409165303	38.0718954248366	14.858096828046744	13.957307060755337	49.50819672131148	28.314238952536826	7.6797385620915035	19.52054794520548	0.6535947712418301	34.86088379705401	25.326797385620914	10.947712418300654	46.73202614379085	0.32733224222585927	26.80921052631579	10.294117647058822	46.35761589403973	55.88235294117647	17.15686274509804	10.147299509001636
65	2015	23.60655737704918	0.16339869281045752	0.8183306055646482	21.931260229132572	20.065789473684212	23.856209150326798	71.9672131147541	30.88235294117647	31.527093596059114	29.73856209150327	22.712418300653596	21.241830065359476	27.42200328407225	40.16393442622951	15.359477124183007	24.509803921568626	31.09656301145663	9.640522875816995	19.11764705882353	0.16393442622950818	39.14473684210527	20.424836601307188	32.07236842105263	3.2679738562091507	31.85550082101806	0.0	54.21686746987952	1.6420361247947455	52.77777777777778	22.712418300653596	28.50574712643678	12.908496732026146	29.73856209150327	31.80327868852459	40.72249589490969	29.623567921440262	6.372549019607843	33.55263157894737	34.0983606557377	11.367380560131796	18.664383561643834	47.13584288052373	37.540983606557376	8.49673202614379	23.589743589743588	0.0	34.26229508196722	31.95364238410596	12.418300653594772	44.28104575163398	0.0	27.062706270627064	16.065573770491802	47.22222222222222	58.94909688013136	25.986842105263158	16.33986928104575
66	2016	26.186579378068743	0.16366612111292964	1.800327332242226	26.143790849673206	22.33169129720854	26.633986928104576	77.37704918032787	34.967320261437905	33.82838283828383	35.63218390804598	24.019607843137255	24.673202614379086	35.02454991816694	47.72344013490725	14.59016393442623	18.954248366013072	25.98039215686275	9.313725490196079	18.657937806873978	0.16366612111292964	34.47712418300654	30.27823240589198	32.01970443349754	1.9607843137254901	36.49754500818331	0.0	57.38095238095238	2.134646962233169	49.83660130718954	25.08196721311475	35.4120267260579	11.202635914332784	35.62091503267974	28.805237315875615	41.61184210526316	27.287581699346404	5.427631578947369	34.70394736842105	37.704918032786885	10.310965630114566	N/A	45.662847790507364	36.27450980392157	7.55336617405583	23.52941176470588	0.4934210526315789	42.50411861614498	35.02454991816694	11.601307189542483	46.07843137254902	0.4909983633387889	36.661211129296234	15.875613747954173	48.529411764705884	53.51882160392799	25.85924713584288	14.729950900163665
67	2017	25.40983606557377	0.0	1.4729950900163666	22.62295081967213	21.311475409836063	25.98039215686275	74.64503042596348	48.117839607201304	34.53237410071942	36.27450980392157	21.895424836601308	20.26143790849673	33.98692810457516	44.11764705882353	12.950819672131148	19.11764705882353	23.202614379084967	7.049180327868852	18.330605564648117	0.6557377049180327	37.091503267973856	22.913256955810148	37.049180327868854	1.800327332242226	30.27823240589198	0.0	62.91866028708134	1.8032786885245904	48.69281045751634	20.525451559934318	30.9255079006772	10.655737704918032	33.82352941176471	24.509803921568626	33.72093023255814	29.73856209150327	2.941176470588235	35.67921440261866	38.39869281045752	10.032894736842106	N/A	50.49019607843137	27.941176470588236	6.546644844517186	27.768595041322314	0.0	37.17105263157895	39.54248366013072	10.457516339869281	41.08019639934534	0.49019607843137253	36.00654664484452	11.928104575163399	47.98657718120805	59.08346972176759	27.61437908496732	10.596026490066226
68	2018	27.86885245901639	0.0	4.738562091503268	25.657894736842106	23.076923076923077	25.98039215686275	79.30463576158941	37.66447368421053	27.692307692307693	37.091503267973856	23.366013071895424	23.856209150326798	34.80392156862745	50.77989601386482	16.20294599018003	20.915032679738562	25.98039215686275	10.634648370497427	18.954248366013072	0.16474464579901155	43.04418985270049	27.914614121510674	37.02479338842975	1.7271157167530224	32.459016393442624	0.0	56.423611111111114	7.389162561576355	52.700490998363335	24.713584288052374	31.887201735357916	10.543657331136739	36.76470588235294	25.29313232830821	44.36860068259386	29.73856209150327	7.3649754500818325	34.80392156862745	37.704918032786885	13.562091503267974	N/A	47.79050736497545	34.31372549019608	6.045751633986928	26.666666666666668	0.6546644844517185	40.87837837837838	38.72549019607843	16.53027823240589	49.263502454991816	0.16339869281045752	34.47712418300654	15.686274509803921	47.62711864406779	61.111111111111114	28.052805280528055	15.196078431372548
69	2019	27.79605263157895	0.1652892561983471	1.7973856209150325	28.618421052631575	26.633986928104576	30.065359477124183	77.57475083056478	29.45990180032733	34.6551724137931	35.45751633986928	27.450980392156865	29.08496732026144	38.95253682487725	52.52525252525253	13.549618320610687	19.11764705882353	24.673202614379086	12.231404958677686	20.751633986928105	0.0	40.52287581699346	31.914893617021278	35.714285714285715	1.490066225165563	32.459016393442624	0.0	61.36752136752137	1.9639934533551555	45.26143790849673	27.77777777777778	36.99186991869919	10.620915032679738	36.9281045751634	33.3889816360601	37.56260434056761	31.5359477124183	5.852842809364549	40.098199672667754	39.37908496732026	17.483660130718953	N/A	40.68627450980392	33.66013071895425	4.918032786885246	31.543624161073826	0.0	42.33937397034596	37.006578947368425	11.76470588235294	48.20261437908497	0.9819967266775778	37.908496732026144	19.967266775777414	44.83333333333333	53.75816993464052	31.80327868852459	20.424836601307188
70	2020	24.836601307189543	0.1644736842105263	9.344262295081968	19.476268412438625	18.821603927986907	23.03921568627451	81.95364238410596	30.605564648117838	N/A	31.5359477124183	20.588235294117645	21.895424836601308	31.80327868852459	45.04950495049505	N/A	18.4640522875817	25.49019607843137	6.075533661740558	20.327868852459016	0.0	36.0655737704918	28.54785478547855	31.475409836065577	2.4916943521594686	26.885245901639344	0.16339869281045752	51.07632093933464	8.91089108910891	41.17647058823529	20.361247947454846	N/A	11.76470588235294	31.699346405228756	18.585526315789476	37.913907284768214	22.875816993464053	6.699346405228758	29.132569558101473	33.878887070376436	15.07537688442211	N/A	41.17647058823529	30.655737704918035	8.183306055646481	22.35294117647059	0.0	33.9622641509434	31.372549019607842	16.666666666666664	43.75	3.594771241830065	33.224222585924714	9.819967266775777	43.87417218543047	54.276315789473685	22.88135593220339	9.803921568627452
71	2021	28.75816993464052	0.0	0.9803921568627451	24.877250409165303	19.34426229508197	25.0	70.28112449799197	39.273927392739274	N/A	40.68627450980392	21.568627450980394	21.931260229132572	40.261865793780686	58.53242320819113	N/A	19.11764705882353	25.163398692810457	8.637873754152823	18.790849673202615	0.16611295681063123	41.63934426229508	31.209150326797385	37.60262725779967	0.9950248756218906	32.89473684210527	0.16339869281045752	63.951473136915084	6.4144736842105265	51.9607843137255	22.54901960784314	30.217391304347824	7.540983606557377	42.3202614379085	22.899505766062603	42.225859247135844	29.575163398692812	4.25531914893617	39.052287581699346	39.21568627450981	12.151067323481117	N/A	50.81699346405229	36.76470588235294	9.01639344262295	25.247524752475247	0.0	44.3163097199341	41.830065359477125	10.784313725490197	47.29064039408867	2.8052805280528053	41.33986928104575	12.418300653594772	56.97674418604651	57.87728026533997	28.47682119205298	12.76595744680851
72	2022	18.00327332242226	0.0	0.49180327868852464	20.424836601307188	16.830065359477125	22.712418300653596	73.7458193979933	36.49754500818331	N/A	31.699346405228756	20.098039215686274	19.28104575163399	29.08496732026144	38.70967741935484	N/A	15.686274509803921	18.30065359477124	5.6105610561056105	13.77049180327869	0.16474464579901155	42.64705882352941	19.28104575163399	39.705882352941174	0.6611570247933884	21.07843137254902	0.16339869281045752	50.0	0.9900990099009901	51.9607843137255	16.721311475409838	22.22222222222222	7.072368421052631	31.209150326797385	17.406749555950267	44.901315789473685	19.77124183006536	4.411764705882353	28.75816993464052	25.816993464052292	13.114754098360656	N/A	54.173486088379704	37.4384236453202	8.8379705400982	20.51282051282051	0.49019607843137253	30.263157894736842	33.715220949263504	7.352941176470589	45.01661129568107	0.0	31.03448275862069	9.688013136289	52.96108291032149	67.32348111658456	20.751633986928105	7.907742998352553
